experiment_id,results_group,seed,description,run_id,config_leaf,backbone,train_mode,reinject,prune_layers,keep_rates,img_size,epochs,best_val_mIoU,git_sha,timestamp,test_boundary_iou,test_boundary_ap,test_cldice,test_thin_vessel_dice,test_thin_vessel_recall,test_mIoU_std,test_dice_fg_std,test_mean_dice_std,test_precision_std,test_recall_std,test_boundary_iou_std,test_boundary_ap_std,test_cldice_std,test_thin_vessel_dice_std,test_thin_vessel_recall_std,test_mIoU,test_dice_fg,test_mean_dice,test_precision,test_recall
qA_dense_vits,qA_core,42,qA_dense_vits,26/06/16-08:27:07-hgkmb,dense,vit_small_patch16_dinov3.lvd1689m,dense,,,,"[1024,1024]",50,0.85419,,2026-06-16T09:21:10,0.834595,0.967787,0.931045,0.182727,0.903332,0.0424143,0.0254505,0.0254505,0.0270772,0.0293177,0.0406793,0.0175219,0.0256164,0.0146847,0.0366919,0.858019,0.923585,0.923585,0.927985,0.919227
qA_soft_mask_vits,qA_core,42,qA_soft_mask_vits,26/06/16-08:27:07-rtklr,soft_mask,vit_small_patch16_dinov3.lvd1689m,soft_mask,penultimate,"[2,5,8]","[0.7,0.7,0.7]","[1024,1024]",50,0.612369,,2026-06-16T09:49:02,0.371576,0.910892,0.639508,0.14575,0.833321,0.0622574,0.050285,0.050285,0.0800689,0.0294979,0.0661904,0.0165734,0.0727373,0.0154445,0.0372831,0.607944,0.756175,0.756175,0.705529,0.814656
qA_dense_vits,qA_core,43,qA_dense_vits_s43,26/06/16-22:10:09-zeoad,dense,vit_small_patch16_dinov3.lvd1689m,dense,,,,"[1024,1024]",50,0.854486,,2026-06-16T23:03:30,0.835109,0.96793,0.931063,0.182696,0.903529,0.0423464,0.0253737,0.0253737,0.0268897,0.0289656,0.0408303,0.0171207,0.0255713,0.0145966,0.0360427,0.858354,0.923779,0.923779,0.928079,0.919518
qA_dense_vits,qA_core,44,qA_dense_vits_s44,26/06/16-23:06:21-wgvvl,dense,vit_small_patch16_dinov3.lvd1689m,dense,,,,"[1024,1024]",50,0.853926,,2026-06-16T23:59:15,0.834699,0.967809,0.931107,0.182439,0.902896,0.0428352,0.0257036,0.0257036,0.0275325,0.0296201,0.0412111,0.0173535,0.0256656,0.0145277,0.0370254,0.858175,0.923675,0.923675,0.927617,0.919767
qA_soft_mask_vits,qA_core,43,qA_soft_mask_vits_s43,26/06/17-00:03:54-awcms,soft_mask,vit_small_patch16_dinov3.lvd1689m,soft_mask,penultimate,"[2,5,8]","[0.7,0.7,0.7]","[1024,1024]",50,0.586534,,2026-06-17T01:23:47,0.369193,0.9043,0.612254,0.149861,0.796789,0.0526131,0.0428892,0.0428892,0.0782394,0.0366707,0.0667027,0.0168,0.0738251,0.0158019,0.0408494,0.588454,0.740914,0.740914,0.718794,0.764439
qA_soft_mask_vits,qA_core,44,qA_soft_mask_vits_s44,26/06/17-01:05:32-rcomd,soft_mask,vit_small_patch16_dinov3.lvd1689m,soft_mask,penultimate,"[2,5,8]","[0.7,0.7,0.7]","[1024,1024]",50,0.654537,,2026-06-17T02:29:22,0.503917,0.910173,0.734486,0.16179,0.817237,0.0538542,0.0409088,0.0409088,0.067868,0.0317447,0.0783466,0.0192947,0.0649765,0.0133637,0.0374833,0.653227,0.790245,0.790245,0.788707,0.791788
qA_gumbel_qstart,qA_core,42,qA_gumbel_qstart_s42,26/06/17-01:28:50-jeiis,gumbel_route_qstart,vit_small_patch16_dinov3.lvd1689m,gumbel_route,q_start,"[2,5,8]","[0.7,0.7,0.7]","[1024,1024]",50,0.829703,,2026-06-17T02:35:39,0.803176,0.958086,0.914243,0.182026,0.871213,0.0441307,0.0269736,0.0269736,0.0245174,0.0354641,0.0438133,0.0193243,0.0282072,0.0140152,0.0404393,0.834125,0.909562,0.909562,0.929742,0.890239
qA_gumbel_qstart,qA_core,43,qA_gumbel_qstart_s43,26/06/17-02:32:14-hvfyo,gumbel_route_qstart,vit_small_patch16_dinov3.lvd1689m,gumbel_route,q_start,"[2,5,8]","[0.7,0.7,0.7]","[1024,1024]",50,0.828173,,2026-06-17T03:34:23,0.800289,0.957484,0.912425,0.182471,0.868092,0.0448918,0.0275096,0.0275096,0.0243673,0.0362463,0.0441974,0.0195791,0.0287892,0.0141385,0.0408705,0.831605,0.908061,0.908061,0.931354,0.885906
qA_gumbel_qstart,qA_core,44,qA_gumbel_qstart_s44,26/06/17-02:39:36-nmcgo,gumbel_route_qstart,vit_small_patch16_dinov3.lvd1689m,gumbel_route,q_start,"[2,5,8]","[0.7,0.7,0.7]","[1024,1024]",50,0.82458,,2026-06-17T03:44:15,0.797484,0.956734,0.911436,0.183126,0.866132,0.0456153,0.0280302,0.0280302,0.0245681,0.0367976,0.044988,0.0198081,0.0289446,0.0139329,0.0415436,0.828361,0.906124,0.906124,0.932563,0.881143
qA_gumbel_penult,qA_core,42,qA_gumbel_penult_s42,26/06/17-03:38:09-izemh,gumbel_route_penultimate,vit_small_patch16_dinov3.lvd1689m,gumbel_route,penultimate,"[2,5,8]","[0.7,0.7,0.7]","[1024,1024]",50,0.825253,,2026-06-17T04:40:18,0.799861,0.956453,0.914052,0.181754,0.871951,0.0438685,0.0270045,0.0270045,0.0234189,0.0350759,0.0433336,0.0199851,0.028595,0.014095,0.0408918,0.829819,0.906996,0.906996,0.926141,0.888626
qA_gumbel_penult,qA_core,43,qA_gumbel_penult_s43,26/06/17-03:48:24-xunnl,gumbel_route_penultimate,vit_small_patch16_dinov3.lvd1689m,gumbel_route,penultimate,"[2,5,8]","[0.7,0.7,0.7]","[1024,1024]",50,0.820056,,2026-06-17T04:51:17,0.794518,0.954471,0.911479,0.182602,0.866154,0.0444982,0.0275105,0.0275105,0.0228996,0.0368651,0.0431352,0.0204405,0.0288444,0.0142035,0.0419079,0.824512,0.903816,0.903816,0.928282,0.880607
qA_gumbel_penult,qA_core,44,qA_gumbel_penult_s44,26/06/17-04:44:04-bsguk,gumbel_route_penultimate,vit_small_patch16_dinov3.lvd1689m,gumbel_route,penultimate,"[2,5,8]","[0.7,0.7,0.7]","[1024,1024]",50,0.820046,,2026-06-17T05:46:39,0.794064,0.954394,0.911306,0.182507,0.866827,0.0445272,0.0275263,0.0275263,0.0234956,0.0361548,0.0439524,0.0205085,0.0289305,0.0142967,0.0413014,0.824134,0.903589,0.903589,0.927639,0.880755
qA_gumbel_maskpred,qA_core,42,qA_gumbel_maskpred_s42,26/06/17-04:54:17-cutno,gumbel_route_mask_pred,vit_small_patch16_dinov3.lvd1689m,gumbel_route,mask_pred,"[2,5,8]","[0.7,0.7,0.7]","[1024,1024]",50,0.830175,,2026-06-17T05:56:55,0.80463,0.958305,0.915013,0.181454,0.876963,0.0448023,0.0274761,0.0274761,0.0247309,0.0347954,0.0444943,0.0201545,0.0292852,0.0139095,0.0414788,0.834424,0.90974,0.90974,0.925296,0.894698
qA_gumbel_maskpred,qA_core,43,qA_gumbel_maskpred_s43,26/06/17-05:50:23-qjrjn,gumbel_route_mask_pred,vit_small_patch16_dinov3.lvd1689m,gumbel_route,mask_pred,"[2,5,8]","[0.7,0.7,0.7]","[1024,1024]",50,0.830087,,2026-06-17T06:51:46,0.80272,0.9576,0.913247,0.180236,0.87429,0.0451769,0.0276765,0.0276765,0.024769,0.0351144,0.0447689,0.0202543,0.0290562,0.0140837,0.040862,0.834059,0.909522,0.909522,0.9227,0.896716
qA_gumbel_maskpred,qA_core,44,qA_gumbel_maskpred_s44,26/06/17-06:00:14-ptlbt,gumbel_route_mask_pred,vit_small_patch16_dinov3.lvd1689m,gumbel_route,mask_pred,"[2,5,8]","[0.7,0.7,0.7]","[1024,1024]",50,0.828352,,2026-06-17T07:03:40,0.801437,0.957184,0.91299,0.180855,0.873361,0.0458929,0.0281962,0.0281962,0.0246256,0.0370711,0.0450749,0.0205893,0.0298512,0.0138458,0.0423868,0.832227,0.908432,0.908432,0.923924,0.893451
qA_random_route,qA_core,42,random_route_fix_1,26/06/17-18:19:53-meyad,random_route,vit_small_patch16_dinov3.lvd1689m,random_route,penultimate,"[2,5,8]","[0.7,0.7,0.7]","[1024,1024]",50,0.843159,,2026-06-17T19:41:57,0.811222,0.965537,0.917558,0.179141,0.901878,0.0416015,0.0252266,0.0252266,0.0282588,0.0278719,0.0383096,0.0167293,0.0240527,0.0139419,0.0350728,0.847293,0.917335,0.917335,0.913173,0.921535
qA_aux_route_penult,qA_core,42,qA_aux_route_penult_s42,26/06/18-11:55:10-ybxvn,aux_route_penultimate,vit_small_patch16_dinov3.lvd1689m,hard_route,penultimate,"[2,5,8]","[0.7,0.7,0.7]","[1024,1024]",50,0.853557,,2026-06-18T12:53:23,0.83223,0.966953,0.929653,0.180562,0.899777,0.0357016,0.0210357,0.0210357,0.0209733,0.0234646,0.0346223,0.0141995,0.0200505,0.00951859,0.0282412,0.857504,0.923286,0.923286,0.926106,0.920483
qA_aux_route_penult,qA_core,43,qA_aux_route_penult_s43,26/06/18-12:56:41-tvpew,aux_route_penultimate,vit_small_patch16_dinov3.lvd1689m,hard_route,penultimate,"[2,5,8]","[0.7,0.7,0.7]","[1024,1024]",50,0.854106,,2026-06-18T13:52:21,0.832514,0.966969,0.929387,0.180484,0.899448,0.0351789,0.0207171,0.0207171,0.0206962,0.023411,0.0340917,0.0141386,0.0200446,0.00960621,0.0283586,0.85796,0.923551,0.923551,0.92628,0.920837
qA_aux_route_penult,qA_core,44,qA_aux_route_penult_s44,26/06/18-13:55:26-fwzvi,aux_route_penultimate,vit_small_patch16_dinov3.lvd1689m,hard_route,penultimate,"[2,5,8]","[0.7,0.7,0.7]","[1024,1024]",50,0.854635,,2026-06-18T14:52:12,0.833367,0.967331,0.929939,0.180581,0.89998,0.0355954,0.0209481,0.0209481,0.0212669,0.0234872,0.0346252,0.014063,0.0198609,0.00954146,0.0282622,0.858751,0.924008,0.924008,0.926695,0.921337
qA_random_route,qA_core,43,qA_random_route_s43,26/06/18-15:56:18-efimc,random_route,vit_small_patch16_dinov3.lvd1689m,random_route,penultimate,"[2,5,8]","[0.7,0.7,0.7]","[1024,1024]",50,0.839323,,2026-06-18T17:20:40,0.80255,0.965078,0.912712,0.176961,0.900803,0.0347495,0.0208844,0.0208844,0.0239361,0.0210856,0.0313152,0.0137084,0.0190737,0.00895674,0.0260604,0.843469,0.915089,0.915089,0.907622,0.922679
qA_random_route,qA_core,44,qA_random_route_s44,26/06/18-18:54:07-xxwsl,random_route,vit_small_patch16_dinov3.lvd1689m,random_route,penultimate,"[2,5,8]","[0.7,0.7,0.7]","[1024,1024]",50,0.850314,,2026-06-18T20:19:11,0.824582,0.96604,0.924546,0.179466,0.89649,0.0354393,0.0209819,0.0209819,0.0234235,0.0215016,0.0334118,0.013747,0.0192076,0.00943557,0.0268768,0.853974,0.921236,0.921236,0.923273,0.919208
qA_random_eval,qA_core,44,qA_random_eval_s44,26/06/19-13:31:39-rwnip,random_eval_same_budget,vit_small_patch16_dinov3.lvd1689m,gumbel_route,penultimate,"[2,5,8]","[0.7,0.7,0.7]","[1024,1024]",50,,,2026-06-19T13:36:09,0.785942,0.949274,0.911577,0.172818,0.878217,0.0333407,0.0204956,0.0204956,0.0199208,0.0258504,0.0349529,0.0168551,0.0217345,0.00954619,0.0312841,0.816954,0.899257,0.899257,0.892116,0.906513
qA_random_eval,qA_core,42,qA_random_eval_s42,26/06/19-13:31:37-aorvv,random_eval_same_budget,vit_small_patch16_dinov3.lvd1689m,gumbel_route,penultimate,"[2,5,8]","[0.7,0.7,0.7]","[1024,1024]",50,,,2026-06-19T13:36:17,0.788316,0.951158,0.910798,0.173356,0.872678,0.034632,0.0211913,0.0211913,0.0211648,0.0260627,0.0369183,0.0169176,0.0222602,0.00943608,0.0324395,0.820853,0.901614,0.901614,0.899318,0.903921
qA_random_eval,qA_core,43,qA_random_eval_s43,26/06/19-13:31:37-rmjll,random_eval_same_budget,vit_small_patch16_dinov3.lvd1689m,gumbel_route,penultimate,"[2,5,8]","[0.7,0.7,0.7]","[1024,1024]",50,,,2026-06-19T13:36:23,0.785501,0.950115,0.910895,0.171929,0.877852,0.0344614,0.0211704,0.0211704,0.0218407,0.0252033,0.035833,0.0171668,0.021865,0.00931416,0.0297619,0.817621,0.89966,0.89966,0.890259,0.909262
qA_aux_route_maskpred,qA_core,44,aux_route_mask_pred_s44,26/06/21-13:57:11-hwzki,aux_route_mask_pred,vit_small_patch16_dinov3.lvd1689m,hard_route,mask_pred,"[2,5,8]","[0.7,0.7,0.7]","[1024,1024]",50,0.856,,2026-06-21T14:56:12,0.834228,0.967679,0.929618,0.180185,0.899422,0.0353338,0.0207949,0.0207949,0.0219551,0.0228329,0.0343672,0.0140597,0.0201508,0.00962103,0.0286643,0.860076,0.924775,0.924775,0.926712,0.922846
qA_aux_route_maskpred,qA_core,43,aux_route_mask_pred_s43,26/06/21-13:57:11-sdtxz,aux_route_mask_pred,vit_small_patch16_dinov3.lvd1689m,hard_route,mask_pred,"[2,5,8]","[0.7,0.7,0.7]","[1024,1024]",50,0.85549,,2026-06-21T14:56:49,0.833884,0.967388,0.929624,0.18024,0.900522,0.0347422,0.0204475,0.0204475,0.0210786,0.0222428,0.0336167,0.0140871,0.0194096,0.00954337,0.0272893,0.859609,0.924505,0.924505,0.926051,0.922964
qA_aux_route_maskpred,qA_core,42,aux_route_mask_pred_s42,26/06/21-13:57:11-xlfdd,aux_route_mask_pred,vit_small_patch16_dinov3.lvd1689m,hard_route,mask_pred,"[2,5,8]","[0.7,0.7,0.7]","[1024,1024]",50,0.854816,,2026-06-21T14:57:20,0.833193,0.966964,0.929282,0.180299,0.89939,0.035056,0.0206411,0.0206411,0.0210185,0.023028,0.0338999,0.0142734,0.0197487,0.0095215,0.0280743,0.858932,0.924113,0.924113,0.926431,0.921808
qA_aux_route_qstart,qA_core,44,aux_route_qstart_s44,26/06/21-13:57:11-gvogk,aux_route_qstart,vit_small_patch16_dinov3.lvd1689m,hard_route,q_start,"[2,5,8]","[0.7,0.7,0.7]","[1024,1024]",50,0.855759,,2026-06-21T14:58:18,0.834303,0.967587,0.929747,0.180185,0.90032,0.035957,0.0211896,0.0211896,0.022756,0.0224006,0.0343083,0.0142109,0.0201782,0.00949845,0.0276148,0.859557,0.924475,0.924475,0.926049,0.922906
qA_aux_route_qstart,qA_core,43,aux_route_qstart_s43,26/06/21-13:57:11-azyrr,aux_route_qstart,vit_small_patch16_dinov3.lvd1689m,hard_route,q_start,"[2,5,8]","[0.7,0.7,0.7]","[1024,1024]",50,0.856083,,2026-06-21T14:58:30,0.834517,0.967744,0.929678,0.180116,0.900681,0.0356831,0.0210247,0.0210247,0.0225237,0.0218528,0.0341524,0.0139785,0.0197671,0.0095198,0.0272385,0.8598,0.924616,0.924616,0.925847,0.923388
qA_aux_route_qstart,qA_core,42,aux_route_qstart_s42,26/06/21-13:57:11-dpkiy,aux_route_qstart,vit_small_patch16_dinov3.lvd1689m,hard_route,q_start,"[2,5,8]","[0.7,0.7,0.7]","[1024,1024]",50,0.855403,,2026-06-21T14:59:08,0.83361,0.967382,0.92907,0.180363,0.899218,0.0356152,0.0209787,0.0209787,0.0223055,0.0220945,0.0343494,0.0139883,0.0200984,0.00946614,0.0272936,0.859249,0.924297,0.924297,0.927099,0.921512
qA_random_eval_rr,qA_core,44,qA_random_eval_rr s44,26/06/24-11:57:23-qonbe,random_eval_same_budget,vit_small_patch16_dinov3.lvd1689m,random_route,penultimate,"[2,5,8]","[0.7,0.7,0.7]","[1024,1024]",50,,,2026-06-24T12:01:55,0.794773,0.956903,0.914167,0.172323,0.890491,0.0360027,0.0219401,0.0219401,0.0246953,0.0245948,0.0375249,0.0162113,0.0223987,0.00993337,0.0295915,0.826956,0.905283,0.905283,0.890195,0.920891
qA_random_eval_rr,qA_core,43,qA_random_eval_rr s43,26/06/24-11:57:23-okygk,random_eval_same_budget,vit_small_patch16_dinov3.lvd1689m,random_route,penultimate,"[2,5,8]","[0.7,0.7,0.7]","[1024,1024]",50,,,2026-06-24T12:01:55,0.793619,0.956486,0.913426,0.172121,0.890549,0.0357078,0.0217427,0.0217427,0.0249569,0.0237396,0.0364858,0.0162424,0.0216047,0.00957323,0.0270145,0.825866,0.904629,0.904629,0.889042,0.920773
qA_random_eval_rr,qA_core,42,qA_random_eval_rr s42,26/06/24-11:57:23-ntrsw,random_eval_same_budget,vit_small_patch16_dinov3.lvd1689m,random_route,penultimate,"[2,5,8]","[0.7,0.7,0.7]","[1024,1024]",50,,,2026-06-24T12:01:56,0.793969,0.956704,0.91466,0.171847,0.892042,0.0354728,0.0216251,0.0216251,0.0235685,0.0245425,0.0365677,0.0166319,0.0216168,0.00958197,0.0294138,0.826073,0.904754,0.904754,0.887534,0.922655
