results_group,experiment_id,config_leaf,backbone,train_mode,reinject,prune_layers,keep_rates,img_size,throughput_batch_size,throughput_strategy,throughput_n_runs,throughput_img_per_sec,throughput_img_per_sec_std,throughput_latency_ms_per_image,gflops_per_image,peak_mem_gb,token_keep_ratio,compile_note,git_sha,timestamp
qA_core,qA_gumbel_maskpred,gumbel_route_mask_pred,vit_small_patch16_dinov3.lvd1689m,gumbel_route,mask_pred,"[2,5,8]","[0.7,0.7,0.7]","[1024, 1024]",8,backbone,3,448.014,1.38094,2.23209,284.045,2.47573,,backbone(blocks:12+selectors),,2026-06-21T12:32:13
qA_core,qA_gumbel_qstart,gumbel_route_qstart,vit_small_patch16_dinov3.lvd1689m,gumbel_route,q_start,"[2,5,8]","[0.7,0.7,0.7]","[1024, 1024]",8,backbone,3,367.197,7.32244,2.72406,381.024,2.47806,,backbone(blocks:12+selectors),,2026-06-21T12:37:25
qA_core,qA_random_route,random_route,vit_small_patch16_dinov3.lvd1689m,random_route,penultimate,"[2,5,8]","[0.7,0.7,0.7]","[1024, 1024]",8,backbone,3,407.816,16.4128,2.45473,316.371,2.47573,,backbone(blocks:12+selectors),,2026-06-21T12:39:18
qA_keep_sweep,qA_gumbel_penult_r05,gumbel_route_r05,vit_small_patch16_dinov3.lvd1689m,gumbel_route,penultimate,"[2,5,8]","[0.5,0.5,0.5]","[1024, 1024]",8,backbone,3,478.695,2.59598,2.08905,252.932,2.45955,,backbone(blocks:12+selectors),,2026-06-21T12:48:17
qA_keep_sweep,qA_gumbel_penult_r06,gumbel_route_r06,vit_small_patch16_dinov3.lvd1689m,gumbel_route,penultimate,"[2,5,8]","[0.6,0.6,0.6]","[1024, 1024]",8,backbone,3,434.917,14.2296,2.30096,280.219,2.46767,,backbone(blocks:12+selectors),,2026-06-21T12:50:27
qA_core,qA_gumbel_penult,gumbel_route_r07,vit_small_patch16_dinov3.lvd1689m,gumbel_route,penultimate,"[2,5,8]","[0.7,0.7,0.7]","[1024, 1024]",8,backbone,3,398.175,9.01304,2.51231,316.371,2.47573,,backbone(blocks:12+selectors),,2026-06-21T12:52:24
qA_keep_sweep,qA_gumbel_penult_r08,gumbel_route_r08,vit_small_patch16_dinov3.lvd1689m,gumbel_route,penultimate,"[2,5,8]","[0.8,0.8,0.8]","[1024, 1024]",8,backbone,3,382.767,2.80962,2.61265,364.774,2.48419,,backbone(blocks:12+selectors),,2026-06-21T12:54:52
qA_keep_sweep,qA_gumbel_penult_r09,gumbel_route_r09,vit_small_patch16_dinov3.lvd1689m,gumbel_route,penultimate,"[2,5,8]","[0.9,0.9,0.9]","[1024, 1024]",8,backbone,3,351.762,0.951561,2.84285,429.259,2.49427,,backbone(blocks:12+selectors),,2026-06-21T12:57:02
qA_keep_sweep,qA_soft_mask_vits_r05,soft_mask_r05,vit_small_patch16_dinov3.lvd1689m,soft_mask,penultimate,"[2,5,8]","[0.5,0.5,0.5]","[1024, 1024]",8,backbone,3,476.422,7.29455,2.09931,252.932,2.45955,,backbone(blocks:12+selectors),,2026-06-21T12:58:52
qA_keep_sweep,qA_soft_mask_vits_r06,soft_mask_r06,vit_small_patch16_dinov3.lvd1689m,soft_mask,penultimate,"[2,5,8]","[0.6,0.6,0.6]","[1024, 1024]",8,backbone,3,436.21,13.8086,2.29403,280.219,2.46767,,backbone(blocks:12+selectors),,2026-06-21T13:00:44
qA_core,qA_soft_mask_vits,soft_mask_r07,vit_small_patch16_dinov3.lvd1689m,soft_mask,penultimate,"[2,5,8]","[0.7,0.7,0.7]","[1024, 1024]",8,backbone,3,417.155,4.26888,2.39736,316.371,2.47573,,backbone(blocks:12+selectors),,2026-06-21T13:02:38
qA_keep_sweep,qA_soft_mask_vits_r08,soft_mask_r08,vit_small_patch16_dinov3.lvd1689m,soft_mask,penultimate,"[2,5,8]","[0.8,0.8,0.8]","[1024, 1024]",8,backbone,3,381.002,5.82022,2.62507,364.774,2.48419,,backbone(blocks:12+selectors),,2026-06-21T13:04:33
qA_keep_sweep,qA_soft_mask_vits_r09,soft_mask_r09,vit_small_patch16_dinov3.lvd1689m,soft_mask,penultimate,"[2,5,8]","[0.9,0.9,0.9]","[1024, 1024]",8,backbone,3,348.906,4.57795,2.86643,429.259,2.49427,,backbone(blocks:12+selectors),,2026-06-21T13:06:27
qA_core,qA_dense_vits,dense,vit_small_patch16_dinov3.lvd1689m,dense,,,,"[1024, 1024]",8,backbone,3,324.198,2.46222,3.08465,511.393,2.43754,,backbone(blocks:12),,2026-06-21T13:13:12
qBC_cropr_vits,jump1_r02,jump1_r02,vit_small_patch16_dinov3.lvd1689m,hard_route,penultimate,"[2,5,8]","[0.7,0.7,0.7]","[1024, 1024]",8,backbone,3,529.659,3.91703,1.88808,220.28,2.53151,,backbone(blocks:12+aux_cross_attn.forward_scorer:1),,2026-06-21T13:15:27
qBC_cropr_vits,jump1_r03,jump1_r03,vit_small_patch16_dinov3.lvd1689m,hard_route,penultimate,"[2,5,8]","[0.7,0.7,0.7]","[1024, 1024]",8,backbone,3,503.727,1.17793,1.98521,242.141,2.5284,,backbone(blocks:12+aux_cross_attn.forward_scorer:1),,2026-06-21T13:17:21
qBC_cropr_vits,jump1_r04,jump1_r04,vit_small_patch16_dinov3.lvd1689m,hard_route,penultimate,"[2,5,8]","[0.7,0.7,0.7]","[1024, 1024]",8,backbone,3,475.873,2.94982,2.10146,268.094,2.52566,,backbone(blocks:12+aux_cross_attn.forward_scorer:1),,2026-06-21T13:19:33
qBC_cropr_vits,jump1_r05,jump1_r05,vit_small_patch16_dinov3.lvd1689m,hard_route,penultimate,"[2,5,8]","[0.7,0.7,0.7]","[1024, 1024]",8,backbone,3,425.455,7.20802,2.35087,298.767,2.52214,,backbone(blocks:12+aux_cross_attn.forward_scorer:1),,2026-06-21T13:21:33
qBC_cropr_vits,jump1_r06,jump1_r06,vit_small_patch16_dinov3.lvd1689m,hard_route,penultimate,"[2,5,8]","[0.7,0.7,0.7]","[1024, 1024]",8,backbone,3,409.661,10.6454,2.44213,332.982,2.51979,,backbone(blocks:12+aux_cross_attn.forward_scorer:1),,2026-06-21T13:23:50
qBC_cropr_vits,qBC_vits_jump1_r07_qstart,jump1_r07_qstart,vit_small_patch16_dinov3.lvd1689m,hard_route,q_start,"[2,5,8]","[0.7,0.7,0.7]","[1024, 1024]",8,backbone,3,363.542,7.40767,2.75147,406.32,2.51588,,backbone(blocks:12+aux_cross_attn.forward_scorer:1),,2026-06-21T13:32:02
qBC_cropr_vits,jump1_r08,jump1_r08,vit_small_patch16_dinov3.lvd1689m,hard_route,penultimate,"[2,5,8]","[0.7,0.7,0.7]","[1024, 1024]",8,backbone,3,355.919,3.25886,2.80979,413.684,2.51277,,backbone(blocks:12+aux_cross_attn.forward_scorer:1),,2026-06-21T13:34:02
qBC_cropr_vits,jump1_r09,jump1_r09,vit_small_patch16_dinov3.lvd1689m,hard_route,penultimate,"[2,5,8]","[0.7,0.7,0.7]","[1024, 1024]",8,backbone,3,342.056,1.65163,2.92354,460.172,2.5103,,backbone(blocks:12+aux_cross_attn.forward_scorer:1),,2026-06-21T13:36:42
qBC_cropr_vits,qBC_vits_per_block_t384,per_block_t384,vit_small_patch16_dinov3.lvd1689m,hard_route,penultimate,"[2,5,8]","[0.7,0.7,0.7]","[1024, 1024]",8,backbone,3,411.137,11.6345,2.43358,258.055,2.51007,,backbone(blocks:12+aux_cross_attn.forward_scorer:10),,2026-06-21T13:50:18
qBC_cropr_vits,step3_r05,step3_r05,vit_small_patch16_dinov3.lvd1689m,hard_route,penultimate,"[2,5,8]","[0.7,0.7,0.7]","[1024, 1024]",8,backbone,3,482.892,2.64192,2.0709,250.291,2.47497,,backbone(blocks:12+aux_cross_attn.forward_scorer:3),,2026-06-21T13:52:46
qBC_cropr_vits,step3_r06,step3_r06,vit_small_patch16_dinov3.lvd1689m,hard_route,penultimate,"[2,5,8]","[0.7,0.7,0.7]","[1024, 1024]",8,backbone,3,457.565,4.03619,2.1856,277.262,2.48306,,backbone(blocks:12+aux_cross_attn.forward_scorer:3),,2026-06-21T13:54:55
qA_core,qA_aux_route_penult,step3_r07,vit_small_patch16_dinov3.lvd1689m,hard_route,penultimate,"[2,5,8]","[0.7,0.7,0.7]","[1024, 1024]",8,backbone,3,411.236,22.5174,2.43669,313.069,2.49108,,backbone(blocks:12+aux_cross_attn.forward_scorer:3),,2026-06-21T13:57:31
qBC_cropr_vits,step3_r08,step3_r08,vit_small_patch16_dinov3.lvd1689m,hard_route,penultimate,"[2,5,8]","[0.7,0.7,0.7]","[1024, 1024]",8,backbone,3,384.603,2.39449,2.60015,361.096,2.49949,,backbone(blocks:12+aux_cross_attn.forward_scorer:3),,2026-06-21T13:59:46
qBC_cropr_vits,step3_r09,step3_r09,vit_small_patch16_dinov3.lvd1689m,hard_route,penultimate,"[2,5,8]","[0.7,0.7,0.7]","[1024, 1024]",8,backbone,3,351.279,1.32026,2.84677,425.173,2.50919,,backbone(blocks:12+aux_cross_attn.forward_scorer:3),,2026-06-21T14:01:51
qBC_cropr_vits,qBC_vits_per_block,per_block,vit_small_patch16_dinov3.lvd1689m,hard_route,penultimate,"[2,5,8]","[0.7,0.7,0.7]","[1024, 1024]",8,backbone,3,403.193,11.8043,2.48163,272.547,2.51433,,backbone(blocks:12+aux_cross_attn.forward_scorer:10),,
qBC_cropr_vits,qBC_vits_per_block_t256,per_block_t256,vit_small_patch16_dinov3.lvd1689m,hard_route,penultimate,"[2,5,8]","[0.7,0.7,0.7]","[1024, 1024]",8,backbone,3,367.125,4.60228,2.72416,323.29,2.52678,,backbone(blocks:12+aux_cross_attn.forward_scorer:10),,
qBC_cropr_vits,qBC_vits_per_block_t288,per_block_t288,vit_small_patch16_dinov3.lvd1689m,hard_route,penultimate,"[2,5,8]","[0.7,0.7,0.7]","[1024, 1024]",8,backbone,3,384.572,10.7799,2.60168,305.165,2.52175,,backbone(blocks:12+aux_cross_attn.forward_scorer:10),,
qBC_cropr_vits,qBC_vits_per_block_t352,per_block_t352,vit_small_patch16_dinov3.lvd1689m,hard_route,penultimate,"[2,5,8]","[0.7,0.7,0.7]","[1024, 1024]",8,backbone,3,415.049,9.69367,2.41024,272.547,2.51433,,backbone(blocks:12+aux_cross_attn.forward_scorer:10),,
qBC_cropr_vits,qBC_vits_jump1_r07,jump1_r07,vit_small_patch16_dinov3.lvd1689m,hard_route,penultimate,"[2,5,8]","[0.7,0.7,0.7]","[1024, 1024]",8,backbone,3,384.331,5.95085,2.60234,371.287,2.51588,,backbone(blocks:12+aux_cross_attn.forward_scorer:1),,
qBC_cropr_vits,qBC_vits_jump1_r07_mask_pred,jump1_r07_mask_pred,vit_small_patch16_dinov3.lvd1689m,hard_route,mask_pred,"[2,5,8]","[0.7,0.7,0.7]","[1024, 1024]",8,backbone,3,389.632,14.105,2.56876,353.771,2.51588,,backbone(blocks:12+aux_cross_attn.forward_scorer:1),,
qBC_cropr_vits,qBC_vits_jump1_r07_penultimate,jump1_r07_penultimate,vit_small_patch16_dinov3.lvd1689m,hard_route,penultimate,"[2,5,8]","[0.7,0.7,0.7]","[1024, 1024]",8,backbone,3,375.734,7.31561,2.66213,371.287,2.51588,,backbone(blocks:12+aux_cross_attn.forward_scorer:1),,
qA_core,qA_aux_route_qstart,aux_route_qstart,vit_small_patch16_dinov3.lvd1689m,hard_route,q_start,"[2,5,8]","[0.7,0.7,0.7]","[1024, 1024]",8,backbone,3,406.724,10.1872,2.45971,377.722,2.4934,,backbone(blocks:12+aux_cross_attn.forward_scorer:3),,2026-06-21T16:09:39
qA_core,qA_aux_route_maskpred,aux_route_mask_pred,vit_small_patch16_dinov3.lvd1689m,hard_route,mask_pred,"[2,5,8]","[0.7,0.7,0.7]","[1024, 1024]",8,backbone,3,480.454,6.69191,2.08163,280.743,2.49108,,backbone(blocks:12+aux_cross_attn.forward_scorer:3),,2026-06-21T16:12:54
